{
  "timestamp": "2026-02-14T00:30:19.181313",
  "seeds": [
    42
  ],
  "n_runs": 1,
  "test_accuracy_mean": 0.7863880387336311,
  "test_accuracy_std": 0.0,
  "val_accuracy_mean": 0.8257193748275257,
  "val_accuracy_std": 0.0,
  "train_accuracy_mean": 0.7843726481023546,
  "train_accuracy_std": 0.0,
  "per_seed_test_accuracy": {
    "42": 0.7863880387336311
  },
  "t_statistic": null,
  "p_value": null,
  "hyperparameters": {
    "iterations": 1000,
    "depth": 6,
    "learning_rate": 0.05,
    "loss_function": "MultiClass",
    "classes_count": 3,
    "eval_metric": "Accuracy",
    "verbose": 100,
    "early_stopping_rounds": 100,
    "task_type": "CPU",
    "bootstrap_type": "Bayesian"
  },
  "per_seed_results": [
    {
      "seed": 42,
      "train_accuracy": 0.7843726481023546,
      "val_accuracy": 0.8257193748275257,
      "test_accuracy": 0.7863880387336311,
      "n_train": 186020,
      "n_val": 39861,
      "n_test": 39862,
      "confusion_matrix": [
        [
          0,
          3490,
          1
        ],
        [
          26,
          31220,
          125
        ],
        [
          2,
          4871,
          127
        ]
      ],
      "per_class": {
        "Down": {
          "precision": 0.0,
          "recall": 0.0,
          "f1-score": 0.0,
          "support": 3491.0
        },
        "Stay": {
          "precision": 0.7887622849346909,
          "recall": 0.9951866373402187,
          "f1-score": 0.8800315706393055,
          "support": 31371.0
        },
        "Up": {
          "precision": 0.5019762845849802,
          "recall": 0.0254,
          "f1-score": 0.048353321911288785,
          "support": 5000.0
        },
        "accuracy": 0.7863880387336311,
        "macro avg": {
          "precision": 0.4302461898398904,
          "recall": 0.34019554578007294,
          "f1-score": 0.3094616308501981,
          "support": 39862.0
        },
        "weighted avg": {
          "precision": 0.683712384316168,
          "recall": 0.7863880387336311,
          "f1-score": 0.6986412375716747,
          "support": 39862.0
        }
      },
      "top_10_features": [
        {
          "feature": "ask_volume_1",
          "importance": 14.989761556638024
        },
        {
          "feature": "bid_volume_1",
          "importance": 12.662717291587624
        },
        {
          "feature": "oi_level_1",
          "importance": 11.534361717890453
        },
        {
          "feature": "bid_ask_volume_ratio_1",
          "importance": 8.904707709219114
        },
        {
          "feature": "cumulative_bid_volume",
          "importance": 7.343449174428137
        },
        {
          "feature": "depth_imbalance",
          "importance": 4.729800589731644
        },
        {
          "feature": "ask_volume_2",
          "importance": 4.354834524334977
        },
        {
          "feature": "bid_volume_5",
          "importance": 4.015149889707991
        },
        {
          "feature": "ask_volume_7",
          "importance": 3.404442037982772
        },
        {
          "feature": "bid_volume_3",
          "importance": 2.8308840091050733
        }
      ],
      "model_path": "models/multi/multi_catboost_seed_42.cbm"
    }
  ],
  "stock_stats": {
    "005930": {
      "dates": 3,
      "snapshots": 265843
    }
  },
  "total_time_seconds": 28.037593841552734
}