seed,accuracy
42,0.651326926582806
123,0.6483839883324218
456,0.6544261270411751
789,0.6488006875537151
1011,0.6483319009297601
