preprocess,model,accuracy,f1_macro,mcc,n_train,n_test
raw,xgboost,0.6205172279084303,0.4978151134790211,0.3782267547317812,117421,38397
wavelet,xgboost,0.624475870510717,0.5034656216066664,0.3852196684889888,117421,38397
kalman,xgboost,0.6175482459567153,0.4969166718591908,0.3729067885004358,117421,38397
raw,catboost,0.5854884496184598,0.4894850956486136,0.317299793539624,117421,38397
wavelet,catboost,0.5817642003281507,0.47975170530093303,0.3101842907650999,117421,38397
