seed,raw_acc,raw_f1,raw_mcc,raw_fe_acc,raw_fe_f1,raw_fe_mcc,fe_only_acc,fe_only_f1,fe_only_mcc
42,0.6205172279084303,0.49781511347902113,0.3782267547317812,0.6886735942912207,0.6008563537825939,0.496608657641494,0.6332786415605386,0.531488139685247,0.4006016315951247
123,0.624319608302732,0.5031846400440632,0.38508250439154146,0.6876578899393182,0.5970003812410573,0.4948796779052875,0.6294762611662369,0.5166444926702026,0.3941826372488692
456,0.6280438575930412,0.5100258878713927,0.39189989876317105,0.6881266765632732,0.5957770850025347,0.49577923699021076,0.6287730812303044,0.5148757804584845,0.3927714319105736
789,0.6286168190223195,0.5077343196993521,0.3928810654776245,0.689871604552439,0.6056717601812452,0.49871198553732465,0.6323931557152903,0.526880581067693,0.39897741690174554
1011,0.6290074745422819,0.5089503433224238,0.39292046862283864,0.690652915592364,0.6034771482755605,0.49967586997999913,0.6330963356512227,0.5235392360120842,0.40024158610649935
